src_port,dst_port,protocol,flow_duration,total_pkts,total_bytes,packet_rate,byte_rate,fwd_pkts,fwd_bytes,avg_pkt_size,min_pkt_size,max_pkt_size,tcp_flags,iat_mean,Label
38504,3389,TCP,359.07,28,5163,77.98,14379.01,14,2581,184.41,50,500,24,5.02,BruteForce
8080,443,UDP,229.93,7,3385,30.44,14720.91,4,1934,483.67,45,626,2,32.85,BENIGN
22182,80,TCP,4952.53,2940,338786,593.64,68406.65,2940,338786,115.23,40,120,2,0.12,DDoS
53,8080,TCP,1966.7,36,38636,18.3,19645.0,18,19318,1073.23,54,1590,16,54.63,BENIGN
28309,21,TCP,852.87,33,12141,38.69,14235.28,16,5886,367.91,50,573,16,25.84,BENIGN
26119,5957,TCP,9.05,2,98,220.84,10821.28,2,98,49.0,40,60,2,4.52,PortScan
443,53,TCP,905.34,6,3343,6.63,3692.48,3,1671,557.28,76,783,16,150.89,BENIGN
28107,53,UDP,607.94,35,31267,57.57,51430.21,19,16973,893.37,66,1169,18,17.37,BENIGN
80,8080,TCP,294.34,40,34374,135.89,116779.42,23,19765,859.37,58,1305,24,7.36,BENIGN
80,21,TCP,7404.59,11,12047,1.49,1626.96,5,5475,1095.18,40,1333,2,673.14,BENIGN
39441,21,TCP,758.57,97,21483,127.87,28320.49,48,10741,221.48,50,500,24,18.45,BruteForce
443,443,TCP,1369.01,34,13910,24.84,10160.55,16,6546,409.15,88,643,24,40.27,BENIGN
443,53,TCP,896.91,26,14723,28.99,16415.06,16,9060,566.27,40,688,24,34.5,BENIGN
80,80,TCP,646.07,5,3445,7.74,5332.12,3,2067,689.2,77,859,24,129.21,BENIGN
56395,3389,TCP,627.18,79,23272,125.96,37105.73,39,11636,294.59,50,500,24,21.65,BruteForce
47111,8080,UDP,799.32,18,13351,22.52,16702.83,11,8159,741.73,66,1070,16,44.41,BENIGN
6576,80,TCP,1027.42,3472,260843,3379.35,253882.17,3472,260843,75.13,40,120,2,1.47,DDoS
33354,21,TCP,675.92,88,18308,130.19,27086.05,44,9154,208.06,50,500,24,13.11,BruteForce
80,22,TCP,1046.04,20,7806,19.12,7462.36,10,3903,390.3,47,607,2,52.3,BENIGN
53,80,TCP,191.04,16,6104,83.75,31949.37,10,3815,381.55,68,543,2,11.94,BENIGN
53,8080,TCP,1268.3,45,37385,35.48,29476.23,20,16615,830.78,79,1268,16,28.18,BENIGN
53,53,TCP,144.67,26,8196,179.7,56647.45,12,3782,315.24,48,459,2,5.56,BENIGN
7329,80,TCP,4480.64,4735,533795,1056.77,119133.62,4735,533795,112.73,40,120,2,0.54,DDoS
53,21,TCP,443.81,23,17077,51.82,38477.24,11,8167,742.5,47,913,24,19.3,BENIGN
21450,9010,TCP,35.32,1,42,28.3,1188.7,1,42,42.7,40,60,1,35.32,PortScan
32942,9118,TCP,17.59,2,110,113.65,6250.51,2,110,55.05,40,60,2,8.79,PortScan
443,8080,TCP,1029.15,37,22263,35.95,21632.28,18,10830,601.72,74,743,18,27.81,BENIGN
53,8080,UDP,1536.01,32,13502,20.83,8790.25,16,6751,421.94,84,586,24,48.0,BENIGN
16906,3389,TCP,1005.6,41,8386,40.77,8339.3,20,4193,204.54,50,500,24,23.71,BruteForce
443,443,TCP,95.68,9,4256,94.06,44478.72,5,2364,472.94,59,724,2,10.63,BENIGN
48953,9344,TCP,34.62,2,88,57.76,2541.36,2,88,44.34,40,60,0,17.31,PortScan
53,22,TCP,700.04,33,32322,47.14,46170.79,14,13712,979.46,41,1322,18,21.21,BENIGN
80,80,TCP,550.6,49,14391,88.99,26136.37,27,7929,293.7,74,384,24,11.24,BENIGN
7861,1450,TCP,42.06,1,41,23.77,974.57,1,41,41.53,40,60,1,42.06,PortScan
8172,7767,TCP,30.05,1,42,33.27,1397.39,1,42,42.53,40,60,1,30.05,PortScan
53,22,TCP,634.09,7,5949,11.04,9381.75,5,4249,849.86,75,1152,18,90.58,BENIGN
80,443,TCP,350.02,29,7146,82.85,20415.64,16,3942,246.44,42,353,18,12.07,BENIGN
51729,1013,TCP,37.9,2,80,52.75,2110.15,2,80,40.23,40,60,1,18.95,PortScan
14133,443,TCP,577.12,48,13617,83.17,23594.19,25,7092,283.69,68,413,2,12.02,BENIGN
443,80,UDP,3522.12,13,2804,3.69,796.11,6,1294,215.76,89,333,18,270.93,BENIGN
8080,8080,TCP,1787.21,9,7849,5.04,4391.74,5,4360,872.19,71,1333,16,198.58,BENIGN
38028,443,TCP,3089.34,4688,387230,1517.48,125343.83,4688,387230,82.6,40,120,2,0.26,DDoS
19317,6365,TCP,20.52,2,115,97.43,5602.43,2,115,57.91,40,60,2,10.26,PortScan
53,53,TCP,542.46,13,9018,23.96,16623.95,7,4856,693.74,52,1022,2,41.73,BENIGN
32947,443,TCP,3980.99,2931,125426,736.25,31506.25,2931,125426,42.79,40,120,2,0.87,DDoS
8080,80,TCP,1185.65,45,10889,37.95,9183.95,27,6533,242.0,53,299,24,26.35,BENIGN
1694,443,TCP,929.17,4075,341784,4385.62,367837.09,4075,341784,83.87,40,120,2,0.19,DDoS
443,53,TCP,786.02,24,20910,30.53,26602.03,13,11326,871.27,43,1282,18,32.75,BENIGN
80,8080,TCP,1173.03,37,20544,31.54,17513.42,22,12215,555.26,47,830,24,31.7,BENIGN
28551,443,TCP,4650.65,1844,163860,396.5,35233.76,1844,163860,88.86,40,120,2,0.38,DDoS
61454,22,TCP,688.48,54,19522,78.43,28355.34,27,9761,361.53,50,500,24,8.66,BruteForce
53,21,TCP,561.33,37,37984,65.91,67666.92,20,20532,1026.61,41,1606,24,15.17,BENIGN
58820,8070,TCP,47.44,1,48,21.07,1011.53,1,48,48.63,40,60,2,47.44,PortScan
44908,21,TCP,961.2,9,2242,9.36,2332.48,6,1495,249.17,53,329,18,106.8,BENIGN
8080,53,TCP,615.12,5,2973,8.13,4833.09,3,1783,594.63,59,750,24,123.02,BENIGN
53,8080,TCP,2587.74,28,9563,10.82,3695.48,13,4440,341.55,57,528,16,92.42,BENIGN
6075,8080,TCP,981.87,41,30074,41.76,30629.13,22,16137,733.53,53,1014,24,23.95,BENIGN
45763,80,TCP,3931.01,3377,379114,859.07,96441.85,3377,379114,112.26,40,120,2,1.35,DDoS
51541,53,TCP,115.96,44,42346,379.4,365138.2,21,20211,962.43,97,1415,2,2.64,BENIGN
443,22,TCP,4600.54,6,6405,1.3,1392.23,3,3202,1067.62,42,1294,2,766.76,BENIGN
443,21,UDP,5693.27,37,13435,6.5,2359.8,16,5809,363.11,84,519,2,153.87,BENIGN
32051,80,TCP,4276.31,3572,370347,835.3,86604.3,3572,370347,103.68,40,120,2,1.16,DDoS
37825,80,TCP,230.09,46,26658,199.91,115854.33,20,11590,579.53,94,855,18,5.0,BENIGN
443,53,TCP,388.53,32,20249,82.36,52115.74,18,11390,632.8,47,832,2,12.14,BENIGN
28364,80,TCP,1184.22,4468,304259,3772.95,256928.08,4468,304259,68.1,40,120,2,0.23,DDoS
59250,80,TCP,3058.09,2004,118145,655.31,38633.57,2004,118145,58.95,40,120,2,1.05,DDoS
50367,443,TCP,1488.68,1583,168002,1063.36,112852.96,1583,168002,106.13,40,120,2,0.61,DDoS
15413,2576,TCP,49.8,2,98,40.15,1967.45,2,98,49.28,40,60,1,24.9,PortScan
80,80,TCP,755.29,41,10900,54.28,14431.35,22,5849,265.88,80,384,24,18.42,BENIGN
51137,3848,TCP,7.26,2,116,275.12,15956.75,2,116,58.33,40,60,0,3.63,PortScan
38569,21,TCP,204.27,44,22897,215.39,112087.75,26,13530,520.39,47,693,16,4.64,BENIGN
443,8080,TCP,1888.9,21,19787,11.12,10475.34,10,9422,942.27,66,1138,2,89.95,BENIGN
443,443,TCP,733.95,48,10090,65.4,13747.31,24,5045,210.22,43,262,18,15.29,BENIGN
12437,443,TCP,642.85,4891,285945,7608.34,444810.39,4891,285945,58.46,40,120,2,1.38,DDoS
8080,80,TCP,1333.87,39,8270,29.24,6199.94,18,3817,212.06,42,257,16,34.2,BENIGN
443,53,TCP,785.55,46,48176,58.56,61327.17,22,23041,1047.32,97,1636,2,17.08,BENIGN
53,80,UDP,102.96,21,6240,203.94,60600.1,12,3565,297.15,45,471,16,4.9,BENIGN
443,21,TCP,1154.22,28,8874,24.26,7688.25,15,4754,316.95,86,470,16,41.22,BENIGN
8080,80,UDP,2283.59,48,21322,21.02,9337.0,28,12437,444.21,61,582,2,47.57,BENIGN
10340,21,TCP,996.77,49,15585,49.16,15635.44,24,7792,318.06,50,500,24,14.63,BruteForce
50305,6338,TCP,19.86,1,50,50.32,2516.0,1,50,50.01,40,60,0,19.86,PortScan
51518,22,TCP,366.5,75,18952,204.64,51710.91,37,9476,252.7,50,500,24,14.79,BruteForce
57763,80,TCP,1861.16,4631,263228,2488.24,141432.56,4631,263228,56.84,40,120,2,1.23,DDoS
2917,21,TCP,704.76,70,26448,99.32,37527.49,35,13224,377.83,50,500,24,5.42,BruteForce
53,443,TCP,1908.85,32,22645,16.76,11863.08,16,11322,707.67,79,917,24,59.65,BENIGN
8055,80,TCP,4662.71,1439,115161,308.62,24698.29,1439,115161,80.03,40,120,2,1.07,DDoS
443,21,TCP,2964.49,43,28177,14.5,9504.8,23,15071,655.3,41,1014,2,68.94,BENIGN
11082,443,TCP,229.41,12,9015,52.3,39294.13,7,5259,751.32,83,937,24,19.12,BENIGN
443,53,TCP,1743.76,18,11503,10.32,6596.64,8,5112,639.07,90,861,2,96.88,BENIGN
42822,21,TCP,1286.81,41,11698,31.86,9090.72,20,5849,285.32,50,500,24,17.91,BruteForce
80,80,TCP,986.8,27,23828,27.36,24146.4,15,13238,882.55,85,1314,2,36.55,BENIGN
8080,443,TCP,1939.79,42,18864,21.65,9724.72,22,9881,449.15,94,576,18,46.19,BENIGN
53,80,TCP,1466.66,48,50063,32.73,34133.77,20,20859,1042.98,65,1655,2,30.56,BENIGN
31468,80,TCP,1472.27,1066,123896,724.05,84153.01,1066,123896,116.23,40,120,2,0.56,DDoS
4815,80,TCP,2012.03,2004,204148,996.01,101463.61,2004,204148,101.87,40,120,2,1.38,DDoS
80,53,TCP,625.37,25,23656,39.98,37826.7,13,12301,946.25,43,1149,16,25.01,BENIGN
36709,3389,TCP,330.68,68,11261,205.63,34053.68,34,5630,165.61,50,500,24,14.72,BruteForce
80,53,TCP,135.1,45,26313,333.07,194755.7,20,11694,584.75,87,779,2,3.0,BENIGN
51615,53,TCP,899.78,47,19342,52.23,21496.07,27,11111,411.53,72,521,16,19.14,BENIGN
53,8080,TCP,1574.14,25,12477,15.88,7926.17,13,6488,499.08,69,615,16,62.97,BENIGN
3561,2843,TCP,31.74,2,110,62.99,3464.47,2,110,55.32,40,60,0,15.87,PortScan
29169,8080,TCP,431.18,37,10833,85.81,25123.24,18,5270,292.78,88,464,18,11.65,BENIGN
46549,53,UDP,1246.8,37,19057,29.68,15284.59,20,10301,515.07,80,796,2,33.7,BENIGN
53,21,TCP,269.31,7,2859,25.99,10615.43,5,2042,408.5,78,589,18,38.47,BENIGN
53,53,UDP,246.52,31,26602,125.75,107906.98,19,16304,858.14,91,1360,16,7.95,BENIGN
53,53,TCP,304.52,15,6027,49.26,19790.91,8,3214,401.86,84,618,16,20.3,BENIGN
61345,3389,TCP,761.68,64,19007,84.02,24954.08,32,9503,297.0,50,500,24,13.53,BruteForce
53,443,TCP,1946.0,32,20668,16.44,10620.7,18,11625,645.88,74,1032,18,60.81,BENIGN
19436,6846,TCP,41.26,1,51,24.23,1235.85,1,51,51.15,40,60,2,41.26,PortScan
8175,8080,TCP,3234.37,31,21242,9.58,6567.56,15,10278,685.25,76,1018,18,104.33,BENIGN
9536,80,TCP,1136.54,27,20128,23.76,17709.8,16,11927,745.49,46,1148,2,42.09,BENIGN
26787,3970,TCP,23.38,2,86,85.5,3676.71,2,86,43.43,40,60,0,11.69,PortScan
8080,443,TCP,878.04,39,26652,44.42,30353.5,21,14351,683.4,84,938,16,22.51,BENIGN
25500,80,TCP,4982.71,4825,229410,968.35,46041.21,4825,229410,47.55,40,120,2,1.15,DDoS
53,80,TCP,730.38,22,17815,30.12,24391.02,10,8097,809.79,52,1095,18,33.2,BENIGN
28277,80,TCP,3546.23,3012,203558,849.35,57401.18,3012,203558,67.58,40,120,2,0.75,DDoS
80,53,TCP,264.41,32,26378,121.02,99757.15,15,12364,824.31,44,1213,24,8.26,BENIGN
54895,22,TCP,2011.98,42,13554,20.87,6736.61,17,5486,322.73,61,463,24,47.9,BENIGN
53,21,TCP,1694.15,41,15943,24.2,9410.55,24,9332,388.86,71,524,24,41.32,BENIGN
18600,21,TCP,872.9,26,7314,29.79,8378.97,13,3657,281.31,50,500,24,7.22,BruteForce
443,443,TCP,324.45,15,3999,46.23,12325.03,8,2133,266.64,71,398,24,21.63,BENIGN
443,53,TCP,166.64,24,24554,144.01,147338.74,12,12277,1023.09,55,1405,18,6.94,BENIGN
60135,22,TCP,1489.84,84,20041,56.38,13451.79,42,10020,238.59,50,500,24,11.06,BruteForce
8080,53,UDP,296.25,20,5640,67.51,19037.04,9,2538,282.05,67,398,16,14.81,BENIGN
8080,22,UDP,266.81,46,10201,172.4,38231.62,27,5987,221.77,56,312,18,5.8,BENIGN
51965,17,TCP,14.98,1,44,66.71,2935.25,1,44,44.52,40,60,2,14.98,PortScan
28221,443,TCP,2589.07,3390,313705,1309.35,121164.97,3390,313705,92.54,40,120,2,1.09,DDoS
30918,443,TCP,2797.53,1158,125524,413.94,44869.61,1158,125524,108.4,40,120,2,1.34,DDoS
53,22,TCP,477.87,33,24384,69.05,51025.23,14,10344,738.93,92,1146,18,14.48,BENIGN
61634,22,TCP,969.45,96,17124,99.03,17663.65,48,8562,178.39,50,500,24,23.35,BruteForce
443,80,UDP,133.87,32,34540,239.03,257998.73,14,15111,1079.39,72,1717,18,4.18,BENIGN
443,80,TCP,152.14,10,6513,65.73,42806.69,6,3908,651.36,78,964,2,15.21,BENIGN
46122,865,TCP,5.61,1,47,177.82,8357.74,1,47,47.13,40,60,1,5.61,PortScan
80,443,TCP,549.29,47,40740,85.56,74166.74,22,19069,866.81,46,1165,16,11.69,BENIGN
56235,443,TCP,1284.1,3716,279962,2893.87,218022.76,3716,279962,75.34,40,120,2,1.48,DDoS
80,8080,UDP,296.99,40,37598,134.68,126593.53,23,21619,939.96,52,1375,16,7.42,BENIGN
21020,80,TCP,1264.46,1788,121149,1414.04,95810.52,1788,121149,67.76,40,120,2,0.65,DDoS
18051,3389,TCP,1137.84,23,6626,20.21,5823.32,11,3313,288.09,50,500,24,16.9,BruteForce
7611,80,TCP,1026.55,4643,336823,4522.9,328110.75,4643,336823,72.54,40,120,2,0.56,DDoS
443,443,UDP,2195.42,17,6497,7.74,2959.33,11,4204,382.23,62,508,16,129.14,BENIGN
443,80,TCP,3820.29,31,30356,8.11,7945.97,16,15667,979.24,46,1423,16,123.24,BENIGN
443,21,TCP,1546.35,30,13328,19.4,8618.98,13,5775,444.29,60,710,2,51.54,BENIGN
8080,21,TCP,198.22,26,14989,131.16,75615.29,15,8647,576.5,46,755,24,7.62,BENIGN
48620,22,UDP,3900.02,39,20836,10.0,5342.53,18,9616,534.27,78,747,2,100.0,BENIGN
31975,22,TCP,326.66,86,33707,263.27,103186.11,43,16853,391.95,50,500,24,16.0,BruteForce
50673,80,TCP,3686.55,3909,209743,1060.34,56894.14,3909,209743,53.66,40,120,2,0.14,DDoS
12729,80,TCP,1662.04,1490,130780,896.49,78686.45,1490,130780,87.77,40,120,2,1.02,DDoS
38877,8080,UDP,1396.31,20,21661,14.32,15512.87,12,12996,1083.07,91,1404,24,69.82,BENIGN
80,8080,TCP,2227.11,26,7003,11.67,3144.42,13,3501,269.37,91,346,16,85.66,BENIGN
5842,22,TCP,1199.83,92,26958,76.68,22468.15,46,13479,293.03,50,500,24,8.62,BruteForce
36761,8080,TCP,707.89,5,1748,7.06,2469.27,3,1048,349.66,44,503,24,141.58,BENIGN
443,80,UDP,1198.11,5,1109,4.17,925.62,3,665,221.96,41,344,18,239.62,BENIGN
21701,22,TCP,180.85,17,13929,93.99,77014.22,9,7374,819.39,68,1208,24,10.64,BENIGN
53,8080,TCP,2615.86,24,5928,9.17,2266.16,12,2964,247.03,55,368,24,108.99,BENIGN
80,22,UDP,142.97,10,5810,69.94,40634.76,5,2905,581.06,57,700,16,14.3,BENIGN
8080,80,TCP,375.28,10,3185,26.65,8486.8,5,1592,318.52,87,505,2,37.53,BENIGN
6392,4622,TCP,43.02,1,48,23.24,1115.53,1,48,48.35,40,60,1,43.02,PortScan
8080,53,TCP,423.39,37,30836,87.39,72829.5,18,15001,833.41,73,1150,2,11.44,BENIGN
44516,22,TCP,329.54,55,15125,166.9,45897.09,27,7562,275.01,50,500,24,18.5,BruteForce
21816,21,TCP,1067.65,19,20590,17.8,19285.23,10,10837,1083.72,54,1371,18,56.19,BENIGN
45606,21,TCP,1348.16,34,29867,25.22,22153.79,14,12298,878.45,56,1236,18,39.65,BENIGN
16396,80,TCP,216.56,7,5826,32.32,26900.76,4,3329,832.29,46,1259,2,30.94,BENIGN
443,443,TCP,925.06,36,35794,38.92,38693.47,15,14914,994.28,89,1335,16,25.7,BENIGN
80,80,TCP,349.1,31,26725,88.8,76552.8,19,16379,862.1,95,1256,18,11.26,BENIGN
33503,8080,TCP,1717.74,28,11603,16.3,6754.76,14,5801,414.41,72,579,18,61.35,BENIGN
45449,80,TCP,1079.41,38,21711,35.2,20113.53,19,10855,571.36,86,763,24,28.41,BENIGN
53,22,UDP,192.59,5,3591,25.96,18644.59,3,2155,718.4,40,1142,24,38.52,BENIGN
46536,22,TCP,992.38,43,15082,43.33,15197.84,21,7541,350.75,50,500,24,15.81,BruteForce
48139,22,TCP,452.33,45,15263,99.48,33742.82,22,7631,339.19,50,500,24,18.61,BruteForce
443,80,TCP,1446.87,33,11262,22.81,7783.62,16,5460,341.28,40,528,2,43.84,BENIGN
19165,22,TCP,322.37,16,4308,49.63,13362.99,8,2154,269.28,49,423,18,20.15,BENIGN
80,80,TCP,326.33,39,29386,119.51,90046.19,22,16577,753.51,78,1064,24,8.37,BENIGN
42473,9375,TCP,34.67,1,50,28.83,1441.59,1,50,50.14,40,60,1,34.67,PortScan
31744,21,TCP,1435.17,91,20397,63.41,14212.3,45,10198,224.15,50,500,24,6.54,BruteForce
23547,80,TCP,4695.45,3392,315230,722.4,67135.17,3392,315230,92.93,40,120,2,0.3,DDoS
80,80,TCP,1317.67,31,17008,23.53,12907.54,18,9875,548.65,64,675,18,42.51,BENIGN
10383,80,TCP,3790.92,1596,132232,421.01,34881.2,1596,132232,82.85,40,120,2,1.27,DDoS
24800,1372,TCP,13.78,1,44,72.54,3191.78,1,44,44.21,40,60,0,13.78,PortScan
2460,3389,TCP,481.73,78,18945,161.91,39326.63,39,9472,242.89,50,500,24,17.29,BruteForce
2144,22,TCP,235.36,7,4990,29.74,21200.66,4,2851,712.9,92,953,24,33.62,BENIGN
10042,80,TCP,3079.5,4408,238075,1431.4,77309.52,4408,238075,54.01,40,120,2,1.04,DDoS
3604,21,TCP,915.81,64,17410,69.88,19010.49,32,8705,272.04,50,500,24,7.66,BruteForce
32246,3793,TCP,15.42,2,91,129.65,5898.98,2,91,45.55,40,60,2,7.71,PortScan
53,80,TCP,1978.55,38,13217,19.21,6680.11,22,7652,347.84,79,490,2,52.07,BENIGN
80,21,TCP,1696.83,11,10607,6.48,6251.03,6,5785,964.3,74,1193,16,154.26,BENIGN
8080,8080,TCP,3566.79,43,46719,12.06,13098.31,24,26075,1086.49,41,1332,24,82.95,BENIGN
6018,80,TCP,840.65,2604,271552,3097.61,323026.7,2604,271552,104.28,40,120,2,1.36,DDoS
41412,3389,TCP,1245.29,72,20221,57.82,16237.98,36,10110,280.85,50,500,24,9.54,BruteForce
80,22,TCP,2879.21,21,18352,7.29,6373.95,12,10487,873.94,77,1171,18,137.11,BENIGN
61437,53,TCP,2393.81,41,28155,17.13,11761.53,23,15794,686.71,58,953,16,58.39,BENIGN
53,443,UDP,105.14,32,20268,304.32,192750.87,17,10767,633.39,45,768,16,3.29,BENIGN
8080,80,TCP,150.29,18,15747,119.76,104768.54,9,7873,874.87,78,1276,16,8.35,BENIGN
8080,8080,TCP,356.71,25,18094,70.08,50723.63,12,8685,723.77,87,958,18,14.27,BENIGN
443,8080,UDP,1785.39,7,6481,3.92,3629.99,4,3703,925.93,99,1133,18,255.06,BENIGN
8080,80,TCP,867.97,6,5951,6.91,6856.18,4,3967,991.84,54,1235,24,144.66,BENIGN
23514,22,TCP,452.19,72,22961,159.23,50777.46,36,11480,318.91,50,500,24,5.76,BruteForce
443,8080,TCP,1160.06,37,27358,31.89,23583.11,20,14788,739.43,41,982,16,31.35,BENIGN
24623,53,TCP,435.44,38,23749,87.27,54538.99,17,10624,624.99,82,940,24,11.46,BENIGN
39220,21,TCP,1349.17,64,13194,47.44,9779.35,32,6597,206.16,50,500,24,12.99,BruteForce
443,80,TCP,957.91,23,15870,24.01,16567.12,14,9660,690.03,44,928,16,41.65,BENIGN
37479,80,TCP,3734.33,1145,118111,306.61,31628.45,1145,118111,103.15,40,120,2,0.52,DDoS
25186,22,TCP,1363.41,24,6987,17.6,5124.67,12,3493,291.15,50,500,24,18.26,BruteForce
28076,3389,TCP,681.58,76,18578,111.51,27257.29,38,9289,244.46,50,500,24,6.24,BruteForce
8080,22,TCP,657.58,32,21947,48.66,33375.02,16,10973,685.87,64,1034,16,20.55,BENIGN
80,8080,TCP,423.15,20,13383,47.26,31626.7,12,8029,669.17,47,807,16,21.16,BENIGN
18294,443,TCP,3921.91,1412,136013,360.03,34680.3,1412,136013,96.33,40,120,2,1.41,DDoS
8080,80,TCP,1262.96,24,25933,19.0,20533.43,14,15127,1080.56,73,1374,2,52.62,BENIGN
53,22,TCP,911.47,40,9721,43.88,10665.03,17,4131,243.05,84,355,16,22.79,BENIGN
33816,80,TCP,56.82,11,9812,193.57,172660.42,6,5352,892.03,85,1372,24,5.17,BENIGN
53,53,TCP,565.81,33,12263,58.32,21673.03,14,5202,371.62,68,529,24,17.15,BENIGN
24494,80,TCP,4268.15,4005,166334,938.35,38970.97,4005,166334,41.53,40,120,2,1.19,DDoS
49264,80,TCP,2580.76,4700,437484,1821.17,169517.49,4700,437484,93.08,40,120,2,0.68,DDoS
6630,22,TCP,439.75,37,11095,84.14,25230.2,18,5547,299.87,50,500,24,23.05,BruteForce
53,443,UDP,1670.04,36,11626,21.56,6961.46,20,6459,322.96,73,425,24,46.39,BENIGN
80,443,TCP,2426.73,39,29083,16.07,11984.4,17,12677,745.73,93,1142,2,62.22,BENIGN
21347,45,TCP,20.19,2,87,99.01,4307.15,2,87,43.87,40,60,0,10.09,PortScan
43852,80,TCP,682.1,33,19976,48.38,29285.7,19,11501,605.33,60,887,2,20.67,BENIGN
443,21,TCP,1971.65,6,3630,3.04,1841.09,4,2420,605.11,85,750,16,328.61,BENIGN
80,21,TCP,94.83,40,20842,421.75,219752.94,21,10942,521.06,86,772,2,2.37,BENIGN
8080,80,TCP,955.62,4,2998,4.19,3137.2,2,1499,749.56,74,945,2,238.9,BENIGN
51148,5635,TCP,49.89,2,106,40.08,2124.12,2,106,53.19,40,60,2,24.95,PortScan
8080,80,TCP,692.6,31,21128,44.76,30504.84,14,9541,681.56,57,902,24,22.34,BENIGN
48541,80,TCP,559.63,3004,158699,5367.84,283578.61,3004,158699,52.83,40,120,2,1.04,DDoS
53,53,TCP,2756.92,49,42858,17.77,15545.55,20,17493,874.65,92,1173,16,56.26,BENIGN
7533,7694,TCP,22.14,1,51,45.14,2302.0,1,51,51.53,40,60,2,22.14,PortScan
443,21,UDP,1160.51,42,14905,36.19,12843.38,25,8872,354.9,44,486,2,27.63,BENIGN
53,80,TCP,205.29,49,14256,238.68,69439.81,27,7855,290.94,43,408,16,4.19,BENIGN
443,53,TCP,452.3,20,8802,44.22,19460.12,12,5281,440.1,64,533,2,22.61,BENIGN
26829,443,TCP,4089.8,4982,555586,1218.15,135846.9,4982,555586,111.52,40,120,2,0.57,DDoS
3714,443,TCP,2698.23,4608,240976,1707.79,89308.91,4608,240976,52.3,40,120,2,0.9,DDoS
80,21,UDP,207.24,40,43454,193.0,209670.43,23,24986,1086.36,47,1703,16,5.18,BENIGN
31588,7826,TCP,10.74,2,116,186.1,10793.85,2,116,58.35,40,60,0,5.37,PortScan
80,22,UDP,719.86,27,8423,37.51,11700.66,16,4991,311.99,87,406,2,26.66,BENIGN
48228,21,TCP,802.92,36,11646,44.84,14504.57,18,5823,323.5,50,500,24,8.66,BruteForce
8590,4671,TCP,47.23,2,107,42.34,2264.95,2,107,53.87,40,60,1,23.62,PortScan
8080,443,TCP,1952.78,22,13091,11.27,6703.73,10,5950,595.07,41,943,16,88.76,BENIGN
8080,22,TCP,1865.27,24,8170,12.87,4380.04,11,3744,340.42,43,526,2,77.72,BENIGN
38380,21,TCP,1458.25,89,21514,61.03,14753.28,44,10757,241.74,50,500,24,7.94,BruteForce
53,53,TCP,4320.8,32,20021,7.41,4633.62,17,10636,625.67,68,862,2,135.02,BENIGN
52563,443,TCP,1608.29,1441,133614,895.98,83078.45,1441,133614,92.72,40,120,2,0.4,DDoS
46430,80,TCP,1868.14,3328,167752,1781.45,89796.45,3328,167752,50.41,40,120,2,0.13,DDoS
50783,4553,TCP,18.88,2,88,105.87,4658.28,2,88,44.3,40,60,1,9.44,PortScan
53,53,UDP,3583.94,41,18919,11.44,5278.81,21,9690,461.45,93,684,24,87.41,BENIGN
80,53,UDP,450.76,49,33999,108.7,75424.66,27,18734,693.86,79,894,18,9.2,BENIGN
53,53,UDP,563.72,41,24838,72.73,44059.85,24,14539,605.82,57,853,18,13.75,BENIGN
80,8080,TCP,377.39,6,3723,15.9,9864.74,3,1861,620.58,91,922,18,62.9,BENIGN
59843,809,TCP,14.49,2,106,137.93,7310.41,2,106,53.42,40,60,0,7.24,PortScan
8080,80,TCP,1971.43,42,33226,21.3,16853.66,24,18986,791.1,62,1194,16,46.94,BENIGN
53,22,TCP,1686.26,13,11993,7.71,7112.13,6,5535,922.57,60,1254,18,129.71,BENIGN
53,21,TCP,645.21,15,15563,23.25,24120.5,7,7262,1037.54,89,1403,2,43.01,BENIGN
80,80,TCP,379.93,41,17648,107.91,46449.67,17,7317,430.44,98,554,16,9.27,BENIGN
443,8080,TCP,483.5,18,12550,37.23,25956.14,10,6972,697.25,48,1052,24,26.86,BENIGN
53,8080,TCP,911.16,22,11303,24.14,12404.97,10,5137,513.8,96,698,16,41.42,BENIGN
55420,7120,TCP,23.14,2,92,86.38,3973.31,2,92,46.3,40,60,0,11.57,PortScan
47311,80,TCP,4389.95,4934,426672,1123.93,97192.92,4934,426672,86.48,40,120,2,1.49,DDoS
8080,22,TCP,1197.73,22,23722,18.37,19805.64,11,11861,1078.28,50,1634,16,54.44,BENIGN
53,22,TCP,1112.87,37,19839,33.25,17826.68,16,8579,536.2,77,726,16,30.08,BENIGN
13229,5556,TCP,12.26,2,88,162.98,7171.07,2,88,44.17,40,60,2,6.13,PortScan
53798,21,TCP,1206.16,58,15986,48.09,13253.63,29,7993,275.62,50,500,24,9.02,BruteForce
3056,80,TCP,2795.67,2381,260882,851.67,93316.53,2381,260882,109.57,40,120,2,0.66,DDoS
33278,80,TCP,3418.88,3005,253546,878.94,74160.65,3005,253546,84.38,40,120,2,1.15,DDoS
443,22,TCP,997.37,14,4275,14.04,4286.24,7,2137,305.36,85,441,18,71.24,BENIGN
443,53,TCP,1517.32,36,24236,23.73,15972.78,19,12791,673.23,49,981,18,42.15,BENIGN
8080,22,UDP,870.91,11,11061,12.63,12700.35,6,6033,1005.61,76,1233,2,79.17,BENIGN
62981,21,TCP,1434.03,48,11137,33.47,7766.23,24,5568,232.04,50,500,24,6.08,BruteForce
49311,5594,TCP,31.74,2,93,63.0,2929.47,2,93,46.64,40,60,0,15.87,PortScan
443,22,TCP,569.79,4,2583,7.02,4533.2,3,1937,645.94,66,838,16,142.45,BENIGN
11716,443,TCP,3113.15,1947,125172,625.41,40207.56,1947,125172,64.29,40,120,2,0.54,DDoS
28347,443,TCP,4075.16,1878,96492,460.84,23678.07,1878,96492,51.38,40,120,2,0.54,DDoS
443,22,UDP,1213.97,25,22119,20.59,18220.18,13,11501,884.77,50,1224,16,48.56,BENIGN
61782,3389,TCP,1140.87,49,18848,42.95,16520.72,24,9424,384.67,50,500,24,12.0,BruteForce
47738,3389,TCP,979.02,97,18147,99.08,18535.87,48,9073,187.09,50,500,24,8.44,BruteForce
26105,21,TCP,846.46,26,8116,30.72,9588.17,13,4058,312.19,50,500,24,24.09,BruteForce
22055,9829,TCP,32.63,1,42,30.64,1286.82,1,42,42.76,40,60,0,32.63,PortScan
15782,245,TCP,24.33,2,112,82.16,4600.91,2,112,56.47,40,60,1,12.17,PortScan
44024,21,TCP,639.94,92,27711,143.76,43302.41,46,13855,301.21,50,500,24,12.75,BruteForce
34321,80,TCP,1559.8,33,11936,21.16,7652.22,15,5425,361.71,98,460,18,47.27,BENIGN
53,443,TCP,1352.05,43,30493,31.8,22553.01,20,14183,709.16,92,1077,2,31.44,BENIGN
15431,1903,TCP,28.09,1,41,35.58,1458.91,1,41,41.01,40,60,2,28.09,PortScan
27705,7605,TCP,18.76,1,49,53.28,2610.76,1,49,49.78,40,60,0,18.76,PortScan
53,80,UDP,1367.04,37,9670,27.07,7073.62,15,3920,261.36,48,414,2,36.95,BENIGN
37658,372,TCP,34.02,2,111,58.77,3261.77,2,111,55.6,40,60,1,17.01,PortScan
80,8080,UDP,752.89,45,30689,59.77,40761.13,22,15003,682.0,61,1044,18,16.73,BENIGN
43622,3389,TCP,400.47,48,10840,119.86,27068.2,24,5420,225.85,50,500,24,20.64,BruteForce
13094,21,TCP,396.13,48,7348,121.17,18549.61,24,3674,153.09,50,500,24,7.86,BruteForce
80,80,TCP,2507.24,31,28568,12.36,11394.14,15,13823,921.56,88,1135,2,80.88,BENIGN
443,21,TCP,2117.4,45,15783,21.25,7453.91,19,6663,350.73,78,519,24,47.05,BENIGN
21249,22,TCP,1418.09,61,20372,43.02,14365.82,30,10186,333.98,50,500,24,9.17,BruteForce
80,53,TCP,194.53,26,17869,133.65,91851.09,15,10309,687.3,53,872,2,7.48,BENIGN
443,22,TCP,1652.15,37,23147,22.39,14010.18,19,11886,625.6,50,828,16,44.65,BENIGN
52035,5930,TCP,25.0,1,59,39.98,2358.7,1,59,59.77,40,60,1,25.0,PortScan
80,22,UDP,2003.56,47,27018,23.46,13484.91,28,16096,574.86,59,717,18,42.63,BENIGN
53,8080,TCP,1294.36,20,21901,15.45,16920.17,10,10950,1095.1,56,1701,2,64.72,BENIGN
4948,443,TCP,4681.15,4985,345315,1064.91,73767.11,4985,345315,69.27,40,120,2,0.55,DDoS
25513,443,UDP,713.08,10,9341,14.02,13099.39,5,4670,934.17,71,1162,18,71.31,BENIGN
26092,443,TCP,2440.01,1756,109967,719.67,45068.34,1756,109967,62.62,40,120,2,0.69,DDoS
36492,443,TCP,3622.77,2147,106070,592.64,29278.68,2147,106070,49.4,40,120,2,0.33,DDoS
80,22,UDP,453.05,15,10867,33.11,23985.54,9,6520,724.53,91,1020,18,30.2,BENIGN
53,22,TCP,4438.6,12,8307,2.7,1871.53,7,4845,692.27,76,911,18,369.88,BENIGN
25513,1244,TCP,45.41,2,101,44.04,2223.83,2,101,50.9,40,60,0,22.7,PortScan
443,8080,UDP,3623.76,29,31403,8.0,8665.84,15,16243,1082.89,91,1554,24,124.96,BENIGN
8080,53,TCP,427.24,5,1553,11.7,3634.86,3,932,310.67,43,452,16,85.45,BENIGN
23558,53,UDP,801.64,34,32069,42.41,40003.7,15,14148,943.24,60,1412,16,23.58,BENIGN
13758,3178,TCP,5.29,1,53,188.78,10005.56,1,53,53.93,40,60,1,5.29,PortScan
53,443,TCP,1916.69,18,18876,9.39,9848.16,9,9438,1048.69,62,1651,16,106.48,BENIGN
53,22,TCP,748.0,26,6729,34.76,8995.92,13,3364,258.82,72,392,18,28.77,BENIGN
9872,166,TCP,26.0,2,116,76.89,4459.62,2,116,58.26,40,60,1,13.0,PortScan
53,443,TCP,1249.66,28,30492,22.41,24400.09,12,13068,1089.01,81,1482,24,44.63,BENIGN
1408,21,TCP,967.18,8,8775,8.27,9072.72,5,5484,1096.97,86,1730,24,120.9,BENIGN
19127,6687,TCP,7.37,2,100,270.84,13541.99,2,100,50.47,40,60,0,3.69,PortScan
443,22,TCP,314.92,27,13619,85.73,43244.24,13,6557,504.44,96,800,18,11.66,BENIGN
443,22,UDP,937.22,19,15457,20.27,16492.18,9,7322,813.57,90,1055,24,49.33,BENIGN
13712,8080,UDP,660.64,19,18083,28.76,27371.45,9,8565,951.77,51,1157,2,34.77,BENIGN
14069,80,TCP,2053.53,998,59204,485.99,28830.29,998,59204,59.32,40,120,2,0.6,DDoS
58541,80,TCP,1442.29,5,3993,3.47,2768.49,3,2396,798.76,79,988,16,288.46,BENIGN
7184,80,TCP,1014.29,4900,462127,4830.98,455618.06,4900,462127,94.31,40,120,2,1.18,DDoS
4183,3389,TCP,1293.0,70,16709,54.14,12922.68,35,8354,238.71,50,500,24,20.6,BruteForce
34559,53,TCP,691.59,17,6106,24.58,8828.82,9,3232,359.2,97,466,24,40.68,BENIGN
59171,443,TCP,3104.63,1993,200618,641.94,64618.96,1993,200618,100.66,40,120,2,0.53,DDoS
19374,3389,TCP,1069.16,80,31931,74.83,29865.54,40,15965,399.14,50,500,24,19.01,BruteForce
80,80,UDP,113.66,4,1911,35.19,16811.58,2,955,477.95,47,757,24,28.42,BENIGN
53,443,TCP,747.42,33,23221,44.15,31067.89,15,10555,703.68,50,1086,16,22.65,BENIGN
443,80,TCP,898.3,37,9501,41.19,10576.5,16,4108,256.8,53,343,18,24.28,BENIGN
8080,443,UDP,2304.31,48,21533,20.83,9344.64,29,13009,448.61,71,700,16,48.01,BENIGN
34106,443,TCP,4036.16,2020,205638,500.48,50948.96,2020,205638,101.8,40,120,2,1.08,DDoS
34748,80,TCP,4106.07,3005,121574,731.84,29608.39,3005,121574,40.46,40,120,2,0.75,DDoS
49467,2078,TCP,22.01,2,110,90.81,4994.43,2,110,55.37,40,60,2,11.01,PortScan
45788,80,TCP,1490.5,705,49210,473.0,33015.75,705,49210,69.8,40,120,2,0.2,DDoS
8080,443,TCP,329.74,7,2564,21.23,7775.49,5,1831,366.37,86,577,24,47.11,BENIGN
443,22,TCP,1156.89,24,21051,20.75,18195.98,14,12279,877.14,87,1084,24,48.2,BENIGN
40764,80,TCP,849.38,2656,213145,3126.97,250940.83,2656,213145,80.25,40,120,2,0.37,DDoS
21494,3389,TCP,1129.99,69,16017,61.06,14174.5,34,8008,232.14,50,500,24,6.09,BruteForce
52281,80,TCP,546.28,3859,322001,7064.14,589442.89,3859,322001,83.44,40,120,2,0.59,DDoS
80,53,TCP,958.42,29,31525,30.26,32892.48,14,15219,1087.09,80,1635,16,33.05,BENIGN
8080,80,UDP,5172.53,7,3606,1.35,697.14,4,2060,515.2,68,696,16,738.93,BENIGN
18656,3389,TCP,1050.82,54,20203,51.39,19225.97,27,10101,374.14,50,500,24,8.93,BruteForce
27371,21,TCP,559.6,52,18659,92.92,33343.5,26,9329,358.84,50,500,24,8.94,BruteForce
8080,8080,TCP,107.08,10,3534,93.38,33001.32,5,1767,353.47,96,560,24,10.71,BENIGN
17568,443,TCP,1477.54,4248,258134,2875.05,174705.37,4248,258134,60.77,40,120,2,0.15,DDoS
55959,443,TCP,4938.11,636,46594,128.79,9435.59,636,46594,73.26,40,120,2,0.7,DDoS
8080,21,TCP,135.8,18,17847,132.53,131406.7,9,8923,991.55,45,1517,16,7.54,BENIGN
80,21,TCP,1576.67,35,21154,22.2,13416.84,19,11483,604.41,77,742,2,45.05,BENIGN
2469,443,TCP,1333.72,2257,244525,1692.26,183341.05,2257,244525,108.34,40,120,2,0.79,DDoS
443,443,UDP,1584.96,44,38446,27.76,24256.62,21,18349,873.78,40,1227,24,36.02,BENIGN
50194,80,TCP,3633.93,948,53366,260.87,14685.46,948,53366,56.29,40,120,2,0.56,DDoS
80,443,TCP,2426.49,42,29017,17.31,11958.39,18,12435,690.89,70,1051,24,57.77,BENIGN
64232,22,TCP,4131.01,38,41127,9.2,9955.65,16,17316,1082.3,58,1381,18,108.71,BENIGN
62882,22,TCP,459.61,74,28661,161.01,62359.15,37,14330,387.32,50,500,24,22.59,BruteForce
80,80,TCP,1167.01,37,35429,31.7,30358.44,20,19151,957.55,73,1189,18,31.54,BENIGN
80,80,TCP,375.39,28,27488,74.59,73222.54,13,12762,981.74,97,1182,2,13.41,BENIGN
8080,443,TCP,579.32,44,31672,75.95,54670.17,24,17276,719.83,87,977,2,13.17,BENIGN
8080,80,TCP,1309.01,13,13705,9.93,10469.66,8,8433,1054.23,55,1271,16,100.69,BENIGN
443,443,TCP,262.63,24,6828,91.38,25997.4,13,3698,284.51,66,440,24,10.94,BENIGN
53,21,UDP,1256.61,23,19903,18.3,15838.49,10,8653,865.37,58,1039,16,54.64,BENIGN
19795,3389,TCP,613.39,28,9413,45.65,15345.74,14,4706,336.18,50,500,24,13.25,BruteForce
13347,80,TCP,665.37,36,14543,54.1,21856.72,17,6867,403.99,44,568,24,18.48,BENIGN
7159,5574,TCP,37.16,2,109,53.8,2932.29,2,109,54.54,40,60,1,18.58,PortScan
23442,443,TCP,2235.19,1594,90640,713.14,40551.38,1594,90640,56.86,40,120,2,0.42,DDoS
65065,80,UDP,1905.21,12,12582,6.3,6603.96,7,7339,1048.55,44,1375,24,158.77,BENIGN
15653,8387,TCP,16.41,1,45,60.89,2739.96,1,45,45.44,40,60,1,16.41,PortScan
1716,3389,TCP,1429.06,20,4615,14.0,3229.4,10,2307,230.77,50,500,24,24.75,BruteForce
23468,3389,TCP,1001.79,59,10746,58.89,10726.76,29,5373,182.15,50,500,24,16.48,BruteForce
39021,2238,TCP,29.31,2,115,68.2,3921.77,2,115,57.89,40,60,1,14.66,PortScan
53,22,UDP,972.97,25,10312,25.69,10598.33,14,5775,412.5,71,613,24,38.92,BENIGN
37308,80,TCP,3707.5,3075,172754,829.4,46595.83,3075,172754,56.18,40,120,2,0.54,DDoS
8080,443,TCP,289.82,34,33098,117.31,114196.29,20,19469,973.47,51,1283,18,8.52,BENIGN
1946,443,TCP,4206.95,3546,362199,842.89,86095.32,3546,362199,102.14,40,120,2,1.25,DDoS
80,21,TCP,56.93,18,13809,316.12,242516.88,10,7671,767.19,73,1037,18,3.16,BENIGN
8080,80,UDP,1891.31,31,32040,16.39,16940.53,14,14470,1033.57,78,1332,2,61.01,BENIGN
62646,443,TCP,2449.96,21,13196,8.57,5386.18,10,6284,628.42,63,869,18,116.66,BENIGN
4351,80,TCP,1063.49,4774,202427,4488.98,190341.72,4774,202427,42.4,40,120,2,1.36,DDoS
47206,80,TCP,3994.2,4145,428678,1037.75,107325.07,4145,428678,103.42,40,120,2,0.2,DDoS
40916,443,TCP,2618.9,946,80188,361.22,30618.93,946,80188,84.77,40,120,2,1.06,DDoS
53,21,TCP,930.2,13,10431,13.98,11213.62,6,4814,802.45,66,1151,2,71.55,BENIGN
22340,4604,TCP,15.16,2,83,131.86,5472.14,2,83,41.9,40,60,1,7.58,PortScan
15050,443,TCP,2546.44,3461,238789,1359.15,93773.68,3461,238789,68.99,40,120,2,1.31,DDoS
53,80,TCP,409.09,23,15878,56.22,38811.86,13,8974,690.36,85,833,2,17.79,BENIGN
5897,8636,TCP,47.44,1,52,21.08,1095.94,1,52,52.51,40,60,2,47.44,PortScan
42636,6332,TCP,39.54,2,97,50.57,2452.75,2,97,48.86,40,60,2,19.77,PortScan
17749,53,UDP,2534.72,43,18303,16.96,7220.88,23,9790,425.66,69,608,18,58.95,BENIGN
36464,80,TCP,2047.81,1826,75257,891.68,36750.0,1826,75257,41.21,40,120,2,0.91,DDoS
53,21,UDP,1026.38,11,6918,10.72,6740.12,7,4402,628.96,52,998,2,93.31,BENIGN
26616,6783,TCP,5.75,2,86,347.42,14939.21,2,86,43.19,40,60,0,2.87,PortScan
62521,21,TCP,798.62,94,20812,117.7,26060.06,47,10406,221.41,50,500,24,19.69,BruteForce
443,53,TCP,348.9,6,5661,17.2,16224.73,4,3774,943.59,77,1213,18,58.15,BENIGN
3254,443,TCP,1722.35,4172,410428,2422.27,238295.45,4172,410428,98.38,40,120,2,1.42,DDoS
30122,3347,TCP,36.02,2,103,55.51,2858.81,2,103,51.97,40,60,2,18.01,PortScan
26449,3389,TCP,549.34,93,26666,169.29,48541.88,46,13333,286.73,50,500,24,14.5,BruteForce
443,443,TCP,1021.85,49,36964,47.95,36173.38,22,16596,754.39,61,1141,2,20.85,BENIGN
34711,443,TCP,3677.71,4339,388609,1179.81,105665.93,4339,388609,89.56,40,120,2,0.89,DDoS
45278,443,TCP,2041.9,2930,348489,1434.94,170668.72,2930,348489,118.94,40,120,2,0.48,DDoS
9590,80,TCP,3648.38,1819,189585,498.58,51964.19,1819,189585,104.22,40,120,2,1.45,DDoS
18393,4486,TCP,12.25,2,104,163.07,8479.52,2,104,52.38,40,60,2,6.13,PortScan
53,53,TCP,142.32,42,33010,295.1,231933.76,25,19649,785.97,91,1084,18,3.39,BENIGN
6822,3389,TCP,1050.78,28,4347,26.65,4136.92,14,2173,155.26,50,500,24,21.39,BruteForce
20152,21,TCP,168.67,33,32007,195.64,189753.07,18,17458,969.91,68,1201,2,5.11,BENIGN
53,21,TCP,239.28,15,16319,62.69,68197.75,7,7615,1088.0,69,1574,2,15.95,BENIGN
80,22,TCP,105.07,14,4456,133.23,42406.29,7,2228,318.34,63,435,2,7.5,BENIGN
80,443,TCP,1246.1,14,3361,11.23,2697.2,7,1680,240.11,58,361,2,89.01,BENIGN
46280,8714,TCP,8.67,2,113,230.36,13015.52,2,113,56.84,40,60,1,4.34,PortScan
51150,443,TCP,3345.07,1483,73151,443.34,21868.29,1483,73151,49.33,40,120,2,0.87,DDoS
34296,443,TCP,4294.97,3046,152881,709.2,35595.38,3046,152881,50.19,40,120,2,0.5,DDoS
443,443,TCP,1825.77,15,14021,8.22,7679.46,9,8412,934.75,45,1417,18,121.72,BENIGN
443,22,TCP,500.25,18,14898,35.98,29780.41,9,7449,827.68,95,1314,16,27.79,BENIGN
48917,443,TCP,4231.91,4606,391844,1088.4,92592.62,4606,391844,85.07,40,120,2,1.23,DDoS
29374,22,TCP,1330.44,46,15928,34.58,11972.0,23,7964,346.27,50,500,24,10.47,BruteForce
8681,80,TCP,3718.34,725,55589,194.98,14949.95,725,55589,76.67,40,120,2,1.12,DDoS
80,80,UDP,548.2,13,10156,23.71,18525.81,7,5468,781.24,60,959,24,42.17,BENIGN
54331,4674,TCP,24.19,2,108,82.65,4463.19,2,108,54.49,40,60,0,12.09,PortScan
80,443,TCP,736.19,35,16239,47.54,22057.74,20,9279,463.98,71,621,24,21.03,BENIGN
45989,80,TCP,2505.21,17,11276,6.79,4501.01,9,5970,663.34,75,839,16,147.37,BENIGN
53,21,TCP,2153.33,32,14706,14.86,6829.4,19,8731,459.56,63,622,2,67.29,BENIGN
57572,21,TCP,1041.52,58,22946,55.69,22031.31,29,11473,395.63,50,500,24,6.72,BruteForce
36086,80,TCP,2259.65,646,43187,285.89,19112.27,646,43187,66.85,40,120,2,1.15,DDoS
10314,22,TCP,1111.33,30,7275,26.99,6546.23,15,3637,242.51,50,500,24,16.01,BruteForce
80,22,TCP,1198.07,19,14785,15.86,12340.58,8,6225,778.18,75,1226,2,63.06,BENIGN
8080,443,UDP,899.83,42,15700,46.67,17447.46,18,6728,373.82,59,532,2,21.42,BENIGN
56595,443,TCP,801.57,4356,471335,5434.31,588011.53,4356,471335,108.2,40,120,2,1.41,DDoS
443,443,TCP,2172.06,32,32547,14.73,14984.31,19,19325,1017.11,97,1432,24,67.88,BENIGN
53,443,TCP,1345.64,35,9164,26.01,6810.09,17,4451,261.84,44,368,18,38.45,BENIGN
39913,80,TCP,2775.35,3354,196352,1208.49,70748.46,3354,196352,58.54,40,120,2,0.55,DDoS
27049,22,TCP,834.46,74,15676,88.68,18785.72,37,7838,211.85,50,500,24,22.33,BruteForce
29730,22,TCP,323.15,10,6163,30.94,19070.95,6,3698,616.36,83,922,2,32.32,BENIGN
23427,3389,TCP,374.45,64,18452,170.92,49277.65,32,9226,288.32,50,500,24,15.41,BruteForce
33004,7416,TCP,23.82,1,55,41.97,2308.35,1,55,55.94,40,60,0,23.82,PortScan
15143,443,TCP,2478.83,2603,136516,1050.09,55072.71,2603,136516,52.45,40,120,2,0.39,DDoS
47570,22,TCP,907.12,97,16031,106.93,17672.45,48,8015,165.28,50,500,24,14.99,BruteForce
8080,8080,TCP,5322.88,27,18602,5.07,3494.72,14,9645,688.97,75,834,24,197.14,BENIGN
43838,3389,TCP,824.46,74,25574,89.76,31019.02,37,12787,345.61,50,500,24,24.85,BruteForce
32805,22,TCP,296.43,24,20930,80.96,70603.75,14,12209,872.1,89,1202,2,12.35,BENIGN
8080,22,UDP,872.83,6,3805,6.87,4359.33,4,2537,634.25,63,991,18,145.47,BENIGN
13972,4060,TCP,44.29,2,106,45.15,2393.0,2,106,53.14,40,60,1,22.14,PortScan
22778,443,TCP,3978.06,16,16080,4.02,4042.16,10,10050,1005.03,43,1560,24,248.63,BENIGN
12111,4536,TCP,40.65,1,56,24.6,1377.32,1,56,56.75,40,60,0,40.65,PortScan
53,53,TCP,1134.79,40,14427,35.25,12713.29,22,7935,360.69,54,447,2,28.37,BENIGN
8080,21,UDP,772.47,6,1420,7.77,1838.23,3,710,236.68,66,352,2,128.75,BENIGN
57534,53,TCP,679.72,17,17225,25.01,25340.96,8,8105,1013.25,88,1239,16,39.98,BENIGN
51381,80,TCP,802.65,3235,343337,4030.39,427753.45,3235,343337,106.13,40,120,2,1.36,DDoS
24407,80,TCP,1994.93,1973,184336,989.01,92402.47,1973,184336,93.43,40,120,2,1.41,DDoS
53,8080,UDP,232.5,17,7885,73.12,33912.82,10,4638,463.83,40,572,16,13.68,BENIGN
52783,443,TCP,801.38,3081,241368,3844.61,301189.98,3081,241368,78.34,40,120,2,0.35,DDoS
80,80,TCP,113.95,12,6129,105.3,53782.78,6,3064,510.81,98,787,16,9.5,BENIGN
80,443,TCP,678.17,33,7327,48.66,10803.88,16,3552,222.05,72,322,18,20.55,BENIGN
8080,22,TCP,807.68,4,4004,4.95,4957.34,2,2002,1001.19,62,1224,24,201.92,BENIGN
46663,22,TCP,1397.27,36,33890,25.76,24254.28,22,20711,941.41,89,1130,16,38.81,BENIGN
5502,80,TCP,2490.32,1072,76260,430.47,30622.54,1072,76260,71.14,40,120,2,0.42,DDoS
443,8080,TCP,528.88,28,19481,52.94,36834.08,12,8349,695.77,64,938,2,18.89,BENIGN
53,8080,UDP,517.26,38,13534,73.46,26164.06,21,7479,356.17,60,566,2,13.61,BENIGN
8080,21,UDP,1402.35,49,10360,34.94,7387.55,30,6343,211.44,80,280,16,28.62,BENIGN
64424,80,TCP,1481.93,3309,270531,2232.89,182552.68,3309,270531,81.76,40,120,2,0.92,DDoS
80,80,TCP,257.83,18,15172,69.81,58842.23,9,7586,842.89,95,1245,16,14.32,BENIGN
8080,22,TCP,196.51,12,12223,61.06,62197.13,7,7130,1018.66,89,1580,18,16.38,BENIGN
47854,80,TCP,4880.22,1730,186478,354.49,38210.97,1730,186478,107.79,40,120,2,0.19,DDoS
59765,8746,TCP,16.3,2,85,122.63,5211.97,2,85,42.62,40,60,0,8.15,PortScan
27538,1940,TCP,29.78,2,117,67.14,3927.51,2,117,58.8,40,60,2,14.89,PortScan
58552,4564,TCP,36.56,1,54,27.34,1476.53,1,54,54.68,40,60,0,36.56,PortScan
29831,4888,TCP,48.59,1,59,20.58,1213.98,1,59,59.16,40,60,2,48.59,PortScan
34391,22,TCP,1470.22,73,16997,49.65,11560.89,36,8498,232.84,50,500,24,18.51,BruteForce
29152,443,TCP,1795.75,3714,430794,2068.21,239895.88,3714,430794,115.99,40,120,2,0.29,DDoS
80,53,UDP,1528.69,46,19081,30.09,12481.81,27,11200,414.82,46,613,2,33.23,BENIGN
45618,80,TCP,4915.03,2717,264114,552.79,53735.98,2717,264114,97.21,40,120,2,0.93,DDoS
26030,8431,TCP,6.81,2,94,293.19,13779.74,2,94,47.28,40,60,1,3.41,PortScan
39108,423,TCP,37.92,1,57,26.37,1502.87,1,57,57.87,40,60,1,37.92,PortScan
80,443,TCP,699.52,10,8153,14.3,11654.95,6,4892,815.38,98,1052,2,69.95,BENIGN
8080,80,TCP,428.98,37,9482,86.25,22103.13,19,4869,256.27,83,369,16,11.59,BENIGN
8080,22,TCP,300.08,29,15933,96.64,53093.19,13,7142,549.44,55,738,2,10.35,BENIGN
8080,21,TCP,430.86,34,20562,78.91,47721.81,19,11490,604.77,43,843,2,12.67,BENIGN
34363,22,TCP,279.03,39,10181,139.76,36485.22,18,4698,261.05,82,320,24,7.15,BENIGN
6233,22,TCP,772.96,63,10084,81.5,13045.9,31,5042,160.07,50,500,24,13.11,BruteForce
65060,4539,TCP,49.13,1,44,20.35,895.48,1,44,44.53,40,60,1,49.13,PortScan
8080,22,UDP,2555.99,32,9443,12.52,3694.45,17,5016,295.1,52,427,2,79.87,BENIGN
43766,22,TCP,636.4,81,19268,127.28,30276.47,40,9634,237.89,50,500,24,17.21,BruteForce
56707,80,TCP,3305.65,3485,360375,1054.26,109017.89,3485,360375,103.41,40,120,2,0.98,DDoS
6626,21,TCP,783.29,73,12029,93.2,15357.07,36,6014,164.79,50,500,24,17.66,BruteForce
80,443,TCP,5119.4,26,23916,5.08,4671.63,13,11958,919.87,41,1202,2,196.9,BENIGN
58138,269,TCP,25.66,1,44,38.96,1714.02,1,44,44.08,40,60,0,25.66,PortScan
5910,443,TCP,4813.24,883,74125,183.45,15400.23,883,74125,83.95,40,120,2,0.85,DDoS
52652,22,TCP,1334.0,35,10473,26.24,7850.84,17,5236,299.24,50,500,24,21.2,BruteForce
443,22,TCP,2215.67,49,20467,22.12,9237.35,29,12113,417.7,90,619,24,45.22,BENIGN
8080,22,TCP,1018.15,37,13005,36.34,12773.07,17,5975,351.5,90,471,24,27.52,BENIGN
23724,22,TCP,3152.63,40,17107,12.69,5426.25,22,9409,427.69,44,541,18,78.82,BENIGN
4153,443,TCP,4643.33,4704,543656,1013.07,117083.25,4704,543656,115.57,40,120,2,0.95,DDoS
63071,7755,TCP,42.34,2,97,47.23,2290.57,2,97,48.88,40,60,2,21.17,PortScan
443,21,TCP,778.68,45,35104,57.79,45080.85,24,18722,780.09,61,1111,18,17.3,BENIGN
11778,8080,UDP,74.28,23,23788,309.62,320223.91,12,12411,1034.3,90,1456,24,3.23,BENIGN
57523,3196,TCP,39.16,1,46,25.53,1174.4,1,46,46.69,40,60,1,39.16,PortScan
53710,22,TCP,1087.08,42,9607,38.64,8837.4,21,4803,228.75,50,500,24,9.49,BruteForce
58708,3399,TCP,5.73,2,90,348.49,15682.13,2,90,45.07,40,60,2,2.86,PortScan
19281,9108,TCP,34.54,1,47,28.95,1360.45,1,47,47.21,40,60,0,34.54,PortScan
7500,80,TCP,4951.48,1031,123487,208.22,24939.41,1031,123487,119.77,40,120,2,0.88,DDoS
80,22,TCP,1573.96,24,15960,15.25,10139.94,14,9310,665.03,56,891,16,65.58,BENIGN
45065,80,TCP,4569.62,1528,75152,334.38,16446.01,1528,75152,49.18,40,120,2,1.42,DDoS
80,8080,TCP,1333.11,4,3584,3.0,2688.43,2,1792,896.13,98,1238,16,333.28,BENIGN
443,53,TCP,435.58,22,21253,50.51,48791.37,12,11592,966.06,88,1455,24,19.8,BENIGN
8080,21,UDP,1331.0,30,24545,22.54,18440.83,13,10636,818.17,41,1251,24,44.37,BENIGN
8080,53,TCP,676.41,29,19438,42.87,28736.43,13,8713,670.29,67,1050,16,23.32,BENIGN
6901,6786,TCP,7.78,1,54,128.29,6927.65,1,54,54.19,40,60,1,7.78,PortScan
53,22,UDP,928.47,9,9205,9.69,9914.06,6,6136,1022.81,46,1288,2,103.16,BENIGN
8080,443,TCP,571.75,7,2355,12.24,4118.83,5,1682,336.44,72,441,16,81.68,BENIGN
64898,8080,TCP,3093.66,6,2201,1.94,711.45,3,1100,366.91,40,528,24,515.61,BENIGN
20197,443,TCP,4645.88,2110,184471,454.17,39706.33,2110,184471,87.43,40,120,2,0.6,DDoS
1970,21,TCP,764.73,66,20071,86.31,26245.89,33,10035,304.11,50,500,24,14.15,BruteForce
53,80,UDP,1655.04,34,15873,20.54,9590.63,16,7470,466.88,86,683,2,48.68,BENIGN
61435,80,TCP,1500.63,2236,127343,1490.04,84859.93,2236,127343,56.95,40,120,2,0.54,DDoS
53,21,TCP,64.13,15,6983,233.86,108869.85,8,3724,465.54,74,566,18,4.28,BENIGN
53,80,UDP,894.34,19,20701,21.24,23146.46,10,10895,1089.57,47,1623,24,47.07,BENIGN
24262,5506,TCP,32.11,2,84,62.26,2615.1,2,84,42.06,40,60,0,16.06,PortScan
53,53,UDP,568.25,32,7482,56.31,13166.41,16,3741,233.84,74,306,18,17.76,BENIGN
8080,443,TCP,411.7,38,33531,92.3,81442.34,21,18530,882.41,49,1346,24,10.83,BENIGN
48788,443,TCP,2031.85,3483,202499,1714.2,99662.28,3483,202499,58.14,40,120,2,1.04,DDoS
53,21,TCP,826.52,4,2776,4.84,3358.63,2,1388,694.08,42,892,16,206.63,BENIGN
9050,443,TCP,1479.5,1585,170206,1071.31,115042.66,1585,170206,107.39,40,120,2,0.62,DDoS
41196,80,TCP,4376.81,3281,369529,749.63,84428.81,3281,369529,112.63,40,120,2,0.81,DDoS
53,80,TCP,1005.12,37,10121,36.81,10069.38,19,5197,273.55,69,346,24,27.17,BENIGN
53114,22,TCP,517.47,56,18088,108.22,34954.64,28,9044,323.01,50,500,24,7.8,BruteForce
47442,9823,TCP,26.05,2,97,76.76,3722.8,2,97,48.69,40,60,0,13.02,PortScan
5322,4669,TCP,40.1,2,103,49.86,2567.97,2,103,51.54,40,60,1,20.05,PortScan
32981,53,TCP,3192.57,18,8152,5.64,2553.42,10,4529,452.93,40,617,24,177.37,BENIGN
49198,2932,TCP,29.59,2,111,67.57,3749.92,2,111,55.53,40,60,0,14.8,PortScan
30793,22,TCP,1212.01,21,6722,17.33,5546.17,10,3361,320.12,50,500,24,23.63,BruteForce
63241,22,TCP,764.05,25,6156,32.72,8057.08,12,3078,246.28,50,500,24,22.1,BruteForce
6084,5875,TCP,31.71,1,40,31.53,1261.2,1,40,40.85,40,60,2,31.71,PortScan
53,53,TCP,1561.29,30,15333,19.21,9820.64,14,7155,511.13,94,732,2,52.04,BENIGN
53,53,TCP,2011.13,23,24923,11.44,12392.45,13,14087,1083.62,73,1572,18,87.44,BENIGN
53,80,TCP,1404.32,22,23029,15.67,16398.6,13,13608,1046.79,80,1497,24,63.83,BENIGN
58086,6383,TCP,40.57,2,106,49.28,2611.9,2,106,53.46,40,60,0,20.29,PortScan
80,22,TCP,1019.88,25,21425,24.51,21007.24,11,9427,857.04,73,1082,24,40.8,BENIGN
16246,21,TCP,1944.36,18,13497,9.26,6941.57,9,6748,749.88,90,1169,2,108.02,BENIGN
55851,8873,TCP,25.73,2,105,77.7,4079.23,2,105,53.0,40,60,2,12.87,PortScan
14234,1410,TCP,34.87,2,95,57.34,2723.46,2,95,47.96,40,60,1,17.44,PortScan
39703,3389,TCP,771.78,32,6156,41.46,7976.4,16,3078,192.38,50,500,24,6.02,BruteForce
443,443,UDP,947.32,36,8022,38.0,8467.98,16,3565,222.85,82,326,18,26.31,BENIGN
53,80,UDP,50.23,30,16523,597.18,328906.9,15,8261,550.78,53,745,24,1.67,BENIGN
44943,443,TCP,3178.46,1898,222912,597.14,70132.13,1898,222912,117.45,40,120,2,0.73,DDoS
35093,3389,TCP,1249.69,31,11072,24.81,8859.79,15,5536,357.16,50,500,24,20.67,BruteForce
80,22,TCP,792.89,19,17680,23.96,22297.91,11,10236,930.58,92,1220,16,41.73,BENIGN
21167,443,TCP,2430.43,865,96057,355.9,39522.6,865,96057,111.05,40,120,2,0.56,DDoS
62138,80,TCP,4026.82,3350,138219,831.92,34324.59,3350,138219,41.26,40,120,2,0.12,DDoS
15883,2173,TCP,6.11,1,41,163.38,6698.48,1,41,41.39,40,60,0,6.11,PortScan
443,8080,TCP,2861.01,38,22540,13.28,7878.32,21,12456,593.17,85,749,2,75.29,BENIGN
80,443,TCP,1433.3,10,7489,6.98,5224.97,6,4493,749.0,50,1015,24,143.33,BENIGN
61378,21,TCP,725.67,64,11442,88.19,15767.4,32,5721,178.79,50,500,24,22.67,BruteForce
53,22,UDP,1285.77,21,21071,16.33,16387.68,12,12040,1003.4,60,1308,24,61.23,BENIGN
8006,443,TCP,2362.22,1115,107498,472.01,45507.12,1115,107498,96.41,40,120,2,0.74,DDoS
28962,7702,TCP,10.96,2,111,182.35,10120.16,2,111,55.67,40,60,1,5.48,PortScan
45285,443,TCP,2719.6,5,1366,1.84,502.28,3,819,273.21,99,368,18,543.92,BENIGN
8080,22,TCP,2264.37,35,23737,15.46,10482.79,18,12207,678.22,78,1010,18,64.7,BENIGN
443,443,TCP,465.77,43,13010,92.32,27931.79,22,6656,302.56,95,426,2,10.83,BENIGN
64440,53,TCP,514.11,41,16685,79.75,32453.74,19,7732,406.96,41,594,2,12.54,BENIGN
53,443,TCP,3351.55,6,4278,1.79,1276.42,3,2139,713.06,76,1138,24,558.59,BENIGN
56758,1803,TCP,33.7,1,58,29.66,1720.57,1,58,58.65,40,60,0,33.7,PortScan
443,443,TCP,1029.25,5,2425,4.86,2356.07,3,1455,485.09,94,635,2,205.85,BENIGN
23932,1074,TCP,9.76,2,110,204.62,11253.95,2,110,55.0,40,60,0,4.88,PortScan
22663,80,TCP,3126.71,2392,195392,765.02,62491.22,2392,195392,81.69,40,120,2,0.59,DDoS
80,443,TCP,1047.87,30,28794,28.63,27478.38,17,16317,959.82,48,1249,16,34.93,BENIGN
27923,443,TCP,1708.53,3655,430727,2139.27,252103.89,3655,430727,117.85,40,120,2,1.16,DDoS
21908,443,TCP,1595.29,2040,184422,1278.77,115604.42,2040,184422,90.4,40,120,2,1.3,DDoS
28566,2054,TCP,16.3,2,89,122.6,5455.9,2,89,44.99,40,60,0,8.15,PortScan
61136,443,TCP,654.11,34,28889,51.98,44164.42,19,16144,849.7,85,1343,18,19.24,BENIGN
52356,8080,TCP,2264.89,20,8648,8.83,3818.28,10,4324,432.42,98,604,18,113.24,BENIGN
61991,7410,TCP,30.23,2,80,66.15,2645.84,2,80,40.22,40,60,1,15.11,PortScan
443,8080,TCP,2098.99,9,4095,4.29,1950.93,4,1820,455.01,65,698,2,233.22,BENIGN
15199,22,TCP,397.89,58,19184,145.77,48214.34,29,9592,330.77,50,500,24,20.45,BruteForce
60442,7479,TCP,11.93,2,109,167.57,9132.42,2,109,54.68,40,60,1,5.96,PortScan
80,53,UDP,918.91,35,12428,38.09,13524.54,16,5681,355.09,42,450,2,26.25,BENIGN
53,443,TCP,3485.75,35,23341,10.04,6696.11,19,12671,666.91,61,1059,2,99.59,BENIGN
80,443,UDP,1091.32,46,29438,42.15,26974.39,25,15999,639.96,48,775,18,23.72,BENIGN
21788,8080,TCP,72.07,38,19110,527.21,265129.94,21,10560,502.9,63,740,24,1.9,BENIGN
48985,9500,TCP,28.32,2,102,70.59,3600.12,2,102,51.14,40,60,0,14.16,PortScan
59871,443,TCP,3913.26,3926,367837,1003.26,93997.62,3926,367837,93.69,40,120,2,0.97,DDoS
53,53,TCP,305.51,28,7065,91.65,23124.6,17,4289,252.35,43,372,18,10.91,BENIGN
20018,53,TCP,723.82,8,7661,11.05,10583.97,4,3830,957.74,88,1324,18,90.48,BENIGN
80,22,TCP,631.8,26,6263,41.15,9912.74,12,2890,240.9,97,374,2,24.3,BENIGN
80,53,TCP,1142.57,32,11413,28.01,9988.76,14,4993,356.67,66,515,16,35.71,BENIGN
53,80,TCP,531.01,15,11034,28.25,20778.96,7,5149,735.62,67,1166,2,35.4,BENIGN
80,22,TCP,2360.1,11,2563,4.66,1085.97,5,1165,233.05,60,354,18,214.55,BENIGN
32545,80,TCP,1609.96,3549,398841,2204.4,247732.9,3549,398841,112.38,40,120,2,1.01,DDoS
10789,80,TCP,3198.32,4297,267261,1343.52,83562.83,4297,267261,62.2,40,120,2,0.49,DDoS
21735,3389,TCP,598.25,99,34868,165.48,58283.54,49,17434,352.21,50,500,24,22.51,BruteForce
26903,53,TCP,2086.33,39,21902,18.69,10497.81,24,13478,561.6,92,813,18,53.5,BENIGN
443,53,TCP,190.93,21,8445,109.98,44228.45,10,4021,402.15,65,553,18,9.09,BENIGN
8080,443,TCP,525.27,41,24368,78.05,46390.4,24,14264,594.36,92,788,18,12.81,BENIGN
64132,326,TCP,41.55,1,47,24.06,1130.85,1,47,47.6,40,60,2,41.55,PortScan
19666,80,TCP,4676.82,3087,253795,660.06,54266.58,3087,253795,82.21,40,120,2,0.4,DDoS
42715,3962,TCP,40.71,1,59,24.56,1448.9,1,59,59.39,40,60,2,40.71,PortScan
54300,53,TCP,577.46,42,31473,72.73,54501.7,25,18734,749.36,63,1185,24,13.75,BENIGN
53999,6771,TCP,26.53,1,45,37.68,1695.42,1,45,45.56,40,60,2,26.53,PortScan
25055,80,TCP,4924.88,1863,189826,378.28,38544.32,1863,189826,101.89,40,120,2,1.15,DDoS
53,21,TCP,1586.16,33,12906,20.8,8136.6,15,5866,391.11,51,516,24,48.07,BENIGN
58787,22,TCP,370.93,25,8026,67.4,21637.68,12,4013,321.08,50,500,24,23.98,BruteForce
28356,5595,TCP,10.38,2,108,192.49,10394.32,2,108,54.01,40,60,2,5.19,PortScan
18008,443,TCP,2085.3,42,35380,20.14,16966.31,25,21060,842.4,77,1192,16,49.65,BENIGN
8080,22,TCP,1753.5,36,23670,20.53,13498.65,17,11177,657.52,73,970,16,48.71,BENIGN
80,8080,TCP,278.37,4,2392,14.37,8592.64,2,1196,598.12,45,761,18,69.59,BENIGN
43785,5579,TCP,6.07,1,58,164.56,9544.42,1,58,58.97,40,60,1,6.07,PortScan
34479,443,TCP,3502.46,2653,172736,757.47,49318.54,2653,172736,65.11,40,120,2,0.85,DDoS
38555,80,TCP,3251.59,3718,205920,1143.44,63329.09,3718,205920,55.38,40,120,2,0.51,DDoS
51964,80,TCP,3023.05,4200,242558,1389.32,80236.12,4200,242558,57.75,40,120,2,1.1,DDoS
80,8080,TCP,3005.95,32,23120,10.65,7691.38,17,12283,722.53,40,1058,16,93.94,BENIGN
80,8080,UDP,348.9,12,11469,34.39,32871.13,6,5734,955.82,80,1520,18,29.07,BENIGN
65388,5163,TCP,13.83,2,102,144.5,7369.38,2,102,51.02,40,60,0,6.92,PortScan
80,21,UDP,92.76,24,13684,258.7,147500.68,14,7982,570.21,78,874,2,3.87,BENIGN
53,21,UDP,832.57,28,16220,33.63,19481.67,12,6951,579.3,97,724,18,29.73,BENIGN
80,80,TCP,718.47,16,15594,22.27,21704.18,7,6822,974.66,70,1332,18,44.9,BENIGN
443,22,TCP,1868.95,45,44999,24.08,24077.04,23,22999,1000.0,52,1302,2,41.53,BENIGN
33116,3389,TCP,1360.28,27,9714,19.85,7141.19,13,4857,359.79,50,500,24,7.91,BruteForce
54466,443,TCP,3867.05,4751,366060,1228.59,94661.36,4751,366060,77.05,40,120,2,0.49,DDoS
53,80,TCP,748.41,30,19804,40.08,26461.17,15,9902,660.15,74,1020,24,24.95,BENIGN
42998,8080,UDP,1325.99,18,6793,13.57,5122.94,9,3396,377.44,51,478,2,73.67,BENIGN
51666,21,TCP,538.36,35,12355,65.01,22949.42,17,6177,353.02,50,500,24,21.5,BruteForce
14293,7985,TCP,23.93,2,81,83.53,3382.86,2,81,40.65,40,60,2,11.97,PortScan
2215,22,TCP,670.56,45,17243,67.11,25714.22,22,8621,383.19,50,500,24,5.4,BruteForce
64017,9033,TCP,13.15,1,57,75.97,4330.24,1,57,57.74,40,60,2,13.15,PortScan
53,8080,TCP,1509.6,39,11188,25.83,7411.17,18,5163,286.88,40,398,18,38.71,BENIGN
14355,4307,TCP,42.46,1,51,23.55,1200.88,1,51,51.71,40,60,1,42.46,PortScan
15014,243,TCP,27.5,2,83,72.71,3017.29,2,83,41.85,40,60,1,13.75,PortScan
80,22,TCP,488.78,39,26299,79.79,53804.45,19,12812,674.34,47,1048,24,12.53,BENIGN
35417,891,TCP,38.67,2,117,51.71,3025.04,2,117,58.77,40,60,0,19.33,PortScan
46889,9170,TCP,7.28,1,48,137.21,6586.16,1,48,48.4,40,60,1,7.28,PortScan
80,22,TCP,215.96,48,35786,222.26,165702.31,22,16402,745.56,80,1079,2,4.5,BENIGN
61167,7617,TCP,36.49,1,53,27.4,1452.18,1,53,53.17,40,60,1,36.49,PortScan
5127,2077,TCP,36.26,1,52,27.57,1433.71,1,52,52.65,40,60,1,36.26,PortScan
443,53,TCP,440.58,27,7516,61.28,17058.93,15,4175,278.38,46,372,16,16.32,BENIGN
53,8080,UDP,1866.27,27,26077,14.47,13972.68,16,15453,965.84,87,1417,24,69.12,BENIGN
25753,8080,TCP,896.16,14,12272,15.62,13693.81,7,6136,876.59,97,1103,2,64.01,BENIGN
14279,443,TCP,2176.29,4505,202475,2070.04,93036.77,4505,202475,44.94,40,120,2,0.23,DDoS
443,443,TCP,509.47,36,20383,70.66,40007.69,21,11890,566.22,86,807,18,14.15,BENIGN
443,21,TCP,1589.22,13,4172,8.18,2625.18,6,1925,320.99,61,488,2,122.25,BENIGN
25306,21,TCP,1097.15,26,8408,23.7,7663.39,14,4527,323.4,52,389,24,42.2,BENIGN
37070,443,TCP,846.37,3061,155168,3616.61,183332.99,3061,155168,50.69,40,120,2,0.72,DDoS
24620,80,TCP,4487.42,1443,101060,321.57,22520.73,1443,101060,70.04,40,120,2,1.22,DDoS
4931,808,TCP,12.06,2,116,165.75,9613.34,2,116,58.14,40,60,2,6.03,PortScan
443,21,UDP,2237.84,41,22343,18.32,9984.14,21,11444,544.96,56,825,16,54.58,BENIGN
51105,443,TCP,1570.43,33,25626,21.01,16317.74,18,13977,776.55,49,1107,24,47.59,BENIGN
80,21,TCP,106.19,17,18294,160.08,172267.21,11,11837,1076.14,84,1347,18,6.25,BENIGN
8080,8080,TCP,681.96,33,17373,48.39,25474.61,19,10003,526.48,53,837,2,20.67,BENIGN
39783,443,TCP,4315.68,3372,399705,781.34,92617.02,3372,399705,118.54,40,120,2,0.73,DDoS
8080,8080,TCP,77.95,45,40235,577.22,516097.22,22,19670,894.12,44,1100,24,1.73,BENIGN
5915,80,TCP,900.45,3363,359053,3734.78,398746.76,3363,359053,106.77,40,120,2,1.41,DDoS
8080,21,TCP,304.98,15,11387,49.18,37335.38,8,6073,759.16,83,1033,24,20.33,BENIGN
8080,8080,TCP,201.13,9,9828,44.74,48860.67,5,5460,1092.01,84,1725,18,22.35,BENIGN
29844,80,TCP,4384.11,1127,55889,257.06,12748.08,1127,55889,49.59,40,120,2,1.13,DDoS
55052,80,TCP,1091.25,37,22632,33.91,20739.39,18,11010,611.69,56,850,16,29.49,BENIGN
22066,3389,TCP,1473.86,42,6475,28.5,4393.21,21,3237,154.17,50,500,24,8.9,BruteForce
8080,8080,TCP,6754.38,15,10536,2.22,1559.87,9,6322,702.46,51,921,16,450.29,BENIGN
80,22,TCP,1295.87,37,15536,28.55,11988.77,19,7978,419.92,59,660,18,35.02,BENIGN
80,443,TCP,415.0,38,36380,91.56,87659.87,22,21062,957.38,97,1208,18,10.92,BENIGN
443,53,TCP,653.31,31,29986,47.45,45898.2,17,16444,967.3,94,1211,16,21.07,BENIGN
7925,443,TCP,4564.36,2794,239448,612.13,52460.38,2794,239448,85.7,40,120,2,0.3,DDoS
443,22,UDP,877.2,37,25854,42.18,29472.88,20,13975,698.76,89,896,24,23.71,BENIGN
